IP,Attack_Type,Payload
170.37.108.213,Bot Traffic,Sort early somebody on charge measure agree.
214.113.254.124,Bot Traffic,Rest organization management size mouth.
158.38.202.66,Bot Traffic,Knowledge bar quite major campaign model.
101.74.149.242,Bot Traffic,Part job senior move safe risk oil.
202.189.68.161,Bot Traffic,Night happen from green.
130.144.147.37,Bot Traffic,Such forget customer hold benefit identify hand.
80.88.167.244,Bot Traffic,Up interest chance individual foreign.
3.221.231.142,Bot Traffic,Unit relationship against move better receive ask.
29.67.199.177,Bot Traffic,Its spend reach maintain early him trouble growth.
143.130.245.125,Bot Traffic,Section of provide peace notice activity kitchen.
83.56.230.126,Bot Traffic,Themselves national structure face note environment.
188.28.81.162,Bot Traffic,Role meet growth stand reach.
190.110.12.174,Bot Traffic,Others it moment truth fly fly.
90.247.179.219,Bot Traffic,Table do standard least strong seat risk.
101.68.71.84,Bot Traffic,Decade yourself boy office station.
53.180.71.135,Bot Traffic,All agree report central.
7.186.234.100,Bot Traffic,His public six main.
71.121.85.23,Bot Traffic,Fine point professional.
160.182.5.5,Bot Traffic,Real those return answer across page.
202.252.116.199,Bot Traffic,Walk worker visit pull behavior all international hair.
4.141.183.137,Bot Traffic,Bar board have kid tough property.
3.75.26.97,Bot Traffic,Quickly us store number trade choice.
28.183.164.163,Bot Traffic,Reach stage there culture gun manage able.
219.98.75.60,Bot Traffic,Story already federal student guess food process.
36.8.152.229,Bot Traffic,Drug important develop despite service tax.
42.173.96.147,Bot Traffic,Free machine gas particularly nation its report.
15.187.224.252,Bot Traffic,Another any reveal field process.
10.183.80.198,Bot Traffic,Probably matter man woman like cup whether.
141.194.158.56,Bot Traffic,Wrong fine hair easy city.
181.141.252.142,Bot Traffic,Simply hear hope young right.
220.119.202.12,Bot Traffic,Food site arm quality leave.
22.153.93.248,Bot Traffic,School public place such value federal.
6.127.41.52,Bot Traffic,Near attorney to but sit should account manage.
30.148.177.197,Bot Traffic,Material important major recently military former whatever hospital.
48.194.178.21,Bot Traffic,Raise almost talk blue person bill line.
19.160.104.73,Bot Traffic,Responsibility wife executive know special.
50.8.254.176,Bot Traffic,Mean since party alone professional recently.
139.30.114.168,Bot Traffic,Start national fear write area take.
36.192.232.214,Bot Traffic,Rest interest bar whether home fight himself.
42.137.157.226,Bot Traffic,Environmental pretty center generation list soldier cultural.
9.224.77.40,Bot Traffic,Behind feeling American one beautiful available.
129.235.95.255,Bot Traffic,Join cultural very region.
165.21.237.43,Bot Traffic,Wall chair win decide put second country even.
50.71.143.8,Bot Traffic,Seat what wish send drug against.
117.16.23.60,Bot Traffic,Suddenly child economy crime after.
66.221.69.38,Bot Traffic,Use free cover maintain information matter quickly.
179.13.181.1,Bot Traffic,Box food help number executive.
59.111.46.192,Bot Traffic,Option really we of.
103.169.105.8,Bot Traffic,Land now finally personal which.
13.102.204.8,Bot Traffic,Performance benefit thousand it study summer.
138.177.21.1,Bot Traffic,Whether road political community away.
77.51.179.93,Bot Traffic,Account as scientist.
27.81.7.95,Bot Traffic,Least resource play enter line summer until.
179.182.76.216,Bot Traffic,Different establish professor drive image understand.
200.217.136.122,Bot Traffic,Goal alone since behavior recognize.
170.173.47.139,Bot Traffic,Speak of dog.
10.94.231.47,Bot Traffic,Collection for manage site a.
113.74.31.74,Bot Traffic,Threat anything close model head recognize card.
217.153.91.66,Bot Traffic,Behind show else hour.
114.61.53.112,Bot Traffic,Try audience three edge father.
149.142.54.162,Bot Traffic,Case tree military yourself pretty.
179.137.103.153,Bot Traffic,Life bag peace life sit.
142.115.54.133,Bot Traffic,Quickly everybody among oil question represent worker laugh.
152.54.28.43,Bot Traffic,Nearly recently walk accept challenge hour few.
168.169.157.122,Bot Traffic,Administration police season ever.
59.223.142.8,Bot Traffic,Specific in car court song down least.
24.178.34.96,Bot Traffic,Per since sing staff.
77.80.118.132,Bot Traffic,Process small appear Congress treat college business responsibility.
31.163.180.20,Bot Traffic,Spring either speech perhaps free serious.
207.173.178.186,Bot Traffic,Country teacher business might baby bank resource treat.
79.250.129.182,Bot Traffic,Suffer eight environment parent occur.
130.105.97.56,Bot Traffic,Hair draw enter.
146.177.199.147,Bot Traffic,Red already outside discuss or cup billion budget.
89.204.60.58,Bot Traffic,Meeting staff everything series although yes find floor.
212.231.215.175,Bot Traffic,Rest century contain quite artist serious unit.
54.178.248.138,Bot Traffic,Color enjoy instead you area by.
9.88.8.174,Bot Traffic,Sometimes address reach choose great.
222.194.52.48,Bot Traffic,Statement she office measure.
88.189.11.190,Bot Traffic,Difficult admit adult various far lay.
104.237.144.104,Bot Traffic,Authority industry two buy.
1.225.120.186,Bot Traffic,Discuss agent everything lay.
72.115.21.158,Bot Traffic,Stop enter seven him manager safe kitchen although.
115.27.44.12,Bot Traffic,Stand without war pass.
131.21.207.90,Bot Traffic,Large history could identify.
128.207.182.170,Bot Traffic,Computer draw somebody specific today week.
107.158.68.122,Bot Traffic,As everything knowledge.
32.8.245.126,Bot Traffic,Region group together military pass tough century place.
95.75.175.6,Bot Traffic,Fast suggest himself rest difference condition.
33.78.45.57,Bot Traffic,Cultural want cut wide morning try it.
90.126.82.83,Bot Traffic,Sit officer writer wish.
108.98.4.226,Bot Traffic,Citizen nothing commercial security force occur.
86.17.190.216,Bot Traffic,Learn across today line vote friend.
167.224.108.105,Bot Traffic,Seat billion position much on.
182.142.173.147,Bot Traffic,Personal arrive but.
83.167.205.170,Bot Traffic,Whose opportunity protect friend fact time manage.
216.99.173.245,Bot Traffic,Old deep require strategy.
198.134.83.47,Bot Traffic,Rise investment anything but blood quickly.
113.23.62.65,Bot Traffic,Serious stage discussion manage arm teach.
19.206.191.93,Bot Traffic,Figure senior finally there nor Mrs.
201.6.100.34,Bot Traffic,Old board store.
124.222.197.117,Bot Traffic,Listen charge conference country actually.
209.159.173.12,Bot Traffic,Occur rise just development.
159.179.21.155,Bot Traffic,Fall now investment this itself food life.
177.123.199.71,Bot Traffic,Fish common fly great national because.
172.175.5.25,Bot Traffic,Evening suffer possible.
57.58.77.205,Bot Traffic,Cell teacher hit writer.
106.41.37.6,Bot Traffic,Alone need admit describe south early.
107.118.214.58,Bot Traffic,Return mission fear also direction party.
191.220.46.221,Bot Traffic,Man movement politics president.
104.108.141.89,Bot Traffic,Hard official half keep west television.
115.2.227.12,Bot Traffic,Name next word audience capital half.
43.76.185.207,Bot Traffic,Perform number gas investment heart.
87.186.162.34,Bot Traffic,Source its after along.
211.20.80.151,Bot Traffic,Control report field argue how.
180.79.128.107,Bot Traffic,Arm yes address pressure chair return property how.
154.173.28.128,Bot Traffic,Surface every how provide doctor.
4.158.163.140,Bot Traffic,Camera people write wide.
207.38.90.106,Bot Traffic,Season no pass college save.
118.212.73.84,Bot Traffic,Whom pass say continue cut make clearly.
10.50.121.7,Bot Traffic,News across trip assume.
170.111.142.228,Bot Traffic,Hundred wish opportunity threat.
49.171.46.80,Bot Traffic,Accept market big station without leave step.
91.202.130.230,Bot Traffic,Different need option society.
108.29.128.87,Bot Traffic,Notice he present play word agent.
10.136.170.157,Bot Traffic,Early difference together hard fall each keep employee.
106.78.90.67,Bot Traffic,Media left benefit here nothing some.
82.191.164.161,Bot Traffic,Mrs way sea stuff.
122.99.196.229,Bot Traffic,Action study southern some different hair rest cover.
223.32.41.163,Bot Traffic,Find training year lose road official.
29.235.102.189,Bot Traffic,Table seem recognize information amount.
45.175.13.189,Bot Traffic,Ten father stay join win church.
203.77.214.229,Bot Traffic,Stock enough build catch watch each simply.
137.32.11.97,Bot Traffic,Current large inside sit her.
173.207.8.124,Bot Traffic,Military hard forget room.
159.227.114.84,Bot Traffic,I learn evening son finally.
134.74.188.168,Bot Traffic,Former step deal themselves clearly grow year.
118.83.20.111,Bot Traffic,President parent prepare what indicate.
24.129.212.119,Bot Traffic,Husband out size arm campaign size.
115.119.218.151,Bot Traffic,Card alone new.
36.224.45.99,Bot Traffic,Situation glass board various argue stay yeah.
180.142.107.46,Bot Traffic,Buy major likely decision own.
64.181.202.66,Bot Traffic,Partner air special pattern just drug.
182.182.151.196,Bot Traffic,Quality within suddenly admit executive several coach.
215.28.135.252,Bot Traffic,Hope color continue your staff picture across.
115.200.144.138,Bot Traffic,Debate even until government yeah.
89.16.244.212,Bot Traffic,Manage alone power billion watch.
173.110.153.35,Bot Traffic,Case international often something I drug.
95.1.40.147,Bot Traffic,Guess partner trip sister method.
201.230.181.51,Bot Traffic,These market interesting.
128.81.90.140,Bot Traffic,Week issue section option.
160.198.101.177,Bot Traffic,Create season what hotel nothing prepare man.
123.191.8.35,Bot Traffic,Edge medical page own couple capital similar.
64.228.10.27,Bot Traffic,Clear law resource.
197.215.202.78,Bot Traffic,Side dog clear quite which.
88.62.199.78,Bot Traffic,Including since school report ability your.
99.64.145.43,Bot Traffic,Population notice trouble.
221.255.176.113,Bot Traffic,Moment station across food weight.
177.181.152.82,Bot Traffic,Without energy southern budget.
67.240.116.239,Bot Traffic,Early force many people gun they.
82.123.65.254,Bot Traffic,Second couple it box.
77.105.93.23,Bot Traffic,Tell seek say not safe.
168.95.23.0,Bot Traffic,Different top watch science feel yeah picture.
198.124.141.179,Bot Traffic,Both firm budget moment.
130.110.231.27,Bot Traffic,Take loss nation run language sometimes responsibility.
77.132.129.114,Bot Traffic,Although relate child strong quite.
172.91.246.27,Bot Traffic,Speak able time quite.
216.153.183.237,Bot Traffic,Price probably energy measure poor likely difference.
183.247.114.161,Bot Traffic,Mouth north know sport.
179.22.19.56,Bot Traffic,Grow risk let fund government.
27.192.178.123,Bot Traffic,Case hour professional detail fact church us.
184.178.95.35,Bot Traffic,Follow win raise admit themselves remain.
64.74.179.72,Bot Traffic,Final anyone company window.
152.207.14.107,Bot Traffic,Allow table someone under produce hour.
215.248.221.235,Bot Traffic,As detail event party he world green.
26.97.204.122,Bot Traffic,Country west foreign teach.
110.102.190.1,Bot Traffic,Pm fear seven person floor recognize raise.
184.142.243.131,Bot Traffic,Teacher claim both charge.
28.187.53.26,Bot Traffic,Story fast create away figure hour information.
45.149.214.194,Bot Traffic,Natural out drive music development cup similar.
74.118.33.107,Bot Traffic,Build financial lawyer drop over.
184.195.90.228,Bot Traffic,Campaign learn business change.
143.215.244.18,Bot Traffic,Available eye tend receive.
144.60.36.244,Bot Traffic,Listen foot guess people.
56.74.1.190,Bot Traffic,Nice strong bar score score.
64.241.32.207,Bot Traffic,Throughout strong increase down.
7.204.183.253,Bot Traffic,House gas himself guess.
152.15.208.184,Bot Traffic,New world road role information gun.
208.234.15.175,Bot Traffic,Face suddenly stage not brother instead.
23.130.244.51,Bot Traffic,Point student dinner unit.
50.212.69.80,Bot Traffic,Father cup threat authority matter last example put.
176.105.87.187,Bot Traffic,Decide effort give media smile finish.
5.178.190.61,Bot Traffic,Old often tend country.
158.149.226.41,Bot Traffic,First third hope.
52.141.98.196,Bot Traffic,Future side now important.
146.229.143.35,Bot Traffic,Program however save mouth that miss.
113.115.183.121,Bot Traffic,Own sea thousand over.
213.214.116.243,Bot Traffic,Big time study term.
46.128.86.66,Bot Traffic,Poor have region past writer.
98.181.17.184,Bot Traffic,Mr chair good officer message something.
192.207.199.156,Bot Traffic,Investment state three you party fight to.
176.106.206.187,Bot Traffic,Indicate painting team us every that collection.
109.173.162.111,Bot Traffic,Brother race surface management.
223.167.193.67,Bot Traffic,Start station someone deal when free throw.
58.52.93.201,Bot Traffic,Next cold society property analysis product.
180.10.82.2,Bot Traffic,Available source operation agency manage miss church.
50.43.72.160,Bot Traffic,Win others memory billion doctor along.
174.170.142.101,Bot Traffic,Often leader office.
101.104.187.92,Bot Traffic,Agent whatever ago best others teacher mention.
128.207.105.223,Bot Traffic,Environmental above ball reveal well camera.
203.196.106.64,Bot Traffic,Personal mean official election discuss.
209.78.97.110,Bot Traffic,Money early drive source enjoy.
41.26.247.52,Bot Traffic,Remain official always manage radio eat source.
76.168.192.175,Bot Traffic,How arm wait.
206.170.32.246,Bot Traffic,Stage probably ok article full we.
153.191.44.109,Bot Traffic,Significant there recently way.
55.109.189.146,Bot Traffic,Girl kid Mr science stay inside activity.
187.235.164.218,Bot Traffic,Window international get happy difficult.
32.215.114.19,Bot Traffic,This agency American.
166.157.154.67,Bot Traffic,Painting yes red hour bank per clearly.
184.59.102.146,Bot Traffic,Democratic reach school power between story.
134.6.86.234,Bot Traffic,Himself area smile street customer behind alone.
10.176.190.134,Bot Traffic,Price assume hand letter glass.
114.221.116.123,Bot Traffic,Everything how bank community.
88.30.128.224,Bot Traffic,Within a answer whom send letter tough tough.
194.54.119.246,Bot Traffic,Will painting clear task anyone.
165.24.164.71,Bot Traffic,Give trade positive central.
83.155.130.104,Bot Traffic,Spring attack year practice physical.
98.154.236.136,Bot Traffic,Beautiful who shoulder able company know finally.
164.16.16.76,Bot Traffic,Recently kitchen customer spring brother president nature subject.
17.198.107.212,Bot Traffic,What view actually reveal author fund.
41.132.172.78,Bot Traffic,Student relate design blue training.
66.231.255.158,Bot Traffic,Part network agreement mean clearly reveal.
8.158.71.218,Bot Traffic,Early sort generation leader play ball.
77.97.168.73,Bot Traffic,Game capital head campaign business.
79.89.74.114,Bot Traffic,Involve little feel guy know key.
122.91.80.34,Bot Traffic,Yourself cause follow film pay across.
122.73.33.181,Bot Traffic,National walk child brother agency effort sport.
54.73.15.21,Bot Traffic,Most production if listen small.
211.205.208.169,Bot Traffic,Concern hold source use create.
150.46.225.184,Bot Traffic,Black forget compare enough.
134.121.156.213,Bot Traffic,Action structure use capital.
28.147.54.29,Bot Traffic,Free individual one simple.
38.70.205.188,Bot Traffic,Price enter first five friend within.
19.110.244.148,Bot Traffic,Affect full senior such alone low.
105.20.243.84,Bot Traffic,List us area to.
4.163.73.208,Bot Traffic,Cut evening mean turn fast almost themselves.
148.78.247.68,Bot Traffic,Citizen best not cold beat eight federal.
40.237.201.253,Bot Traffic,Government family war idea.
139.41.156.221,Bot Traffic,Arrive goal concern happy success save cell.
78.80.111.48,Bot Traffic,Concern big simple brother success different.
114.12.148.97,Bot Traffic,Six save until budget.
222.127.232.118,Bot Traffic,Ok least partner standard myself.
37.117.39.156,Bot Traffic,Have voice language design probably particular.
203.98.203.9,Bot Traffic,Tell each inside.
3.186.38.10,Bot Traffic,Religious interview their affect her.
145.103.110.67,Bot Traffic,Read improve usually Republican check describe better.
115.203.195.65,Bot Traffic,Prevent open morning law wish investment.
206.93.146.34,Bot Traffic,Thank defense discussion rise catch remain.
62.86.119.146,Bot Traffic,Television probably since improve claim thousand yard.
120.214.11.92,Bot Traffic,Civil black second every.
3.94.62.49,Bot Traffic,Ball response financial fish about sit.
222.56.172.225,Bot Traffic,Investment mean allow option.
170.18.0.203,Bot Traffic,Force yourself require method your staff.
90.137.124.24,Bot Traffic,Statement property past PM job this.
50.83.152.233,Bot Traffic,Thought each too next.
64.153.212.188,Bot Traffic,Evening realize sell.
49.173.202.186,Bot Traffic,Join resource voice road think relate.
62.197.43.173,Bot Traffic,Significant herself nation true each often success.
136.210.160.169,Bot Traffic,Painting whatever feeling industry.
117.135.240.36,Bot Traffic,Its follow issue actually receive.
35.141.73.26,Bot Traffic,Member attention performance.
206.163.211.166,Bot Traffic,Military just movie second continue.
43.211.124.109,Bot Traffic,News against remember current lose election safe.
12.60.95.50,Bot Traffic,Himself build mind concern glass administration.
53.249.234.216,Bot Traffic,Rock author least name seven relate.
52.120.251.27,Bot Traffic,Answer foot finally.
20.183.239.183,Bot Traffic,Half she window born seek.
55.71.20.220,Bot Traffic,Personal put vote community everybody.
46.228.48.136,Bot Traffic,Rise size cultural ball process bank.
54.24.234.132,Bot Traffic,Degree hour quickly best prove.
150.155.148.89,Bot Traffic,Four market class college poor.
167.178.202.33,Bot Traffic,Race through education factor approach.
103.33.179.190,Bot Traffic,Reflect month within whether.
13.254.219.108,Bot Traffic,Money yeah here relationship kitchen.
129.83.41.42,Bot Traffic,Return wait data role.
52.251.187.129,Bot Traffic,Exist artist woman agency personal Mrs democratic.
182.83.172.137,Bot Traffic,Smile clear factor speak try anyone since throughout.
185.250.11.161,Bot Traffic,Raise authority century seek career.
16.146.230.60,Bot Traffic,Water blood argue lawyer.
207.105.113.214,Bot Traffic,The family boy prepare structure south manage.
170.103.185.184,Bot Traffic,Reason price few professor difficult him apply.
105.205.146.6,Bot Traffic,Others far if resource rise.
130.68.108.127,Bot Traffic,Particular answer traditional decade drop.
28.42.174.94,Bot Traffic,Prevent war appear economic much fact party quickly.
141.200.246.180,Bot Traffic,Century individual and theory she.
119.66.225.183,Bot Traffic,Collection staff himself lay analysis south sell.
141.141.100.119,Bot Traffic,Four eye the she western talk spring.
15.74.109.159,Bot Traffic,Relationship compare how resource herself unit.
143.144.207.246,Bot Traffic,Partner hotel decade process.
199.158.215.190,Bot Traffic,Well well world.
34.204.219.48,Bot Traffic,Song street five early month.
118.11.201.199,Bot Traffic,Involve wish attack plant husband ground.
46.44.243.247,Bot Traffic,Do home seat imagine Democrat stage the.
161.60.101.67,Bot Traffic,Too so then effort.
68.106.149.166,Bot Traffic,Anyone growth key let likely.
110.140.3.204,Bot Traffic,Wish artist fact soon leg officer year model.
166.144.183.209,Bot Traffic,Ready collection modern ask.
98.253.47.175,Bot Traffic,Population century available sing set challenge few.
41.130.205.136,Bot Traffic,Option for ball community strong establish.
137.186.94.122,Bot Traffic,Avoid set myself statement however behavior across.
6.50.160.21,Bot Traffic,Sing court computer believe health.
58.230.40.40,Bot Traffic,Safe drive large option son study rate.
78.147.172.236,Bot Traffic,Which bill suggest camera seat make.
146.73.231.188,Bot Traffic,Air learn water.
91.7.179.62,Bot Traffic,Bring finally among during remember feeling child national.
164.167.235.65,Bot Traffic,He change population public for.
175.61.43.140,Bot Traffic,Feel even drop.
137.10.240.111,Bot Traffic,Need actually item note middle.
177.9.254.252,Bot Traffic,Born serve support increase.
62.15.117.122,Bot Traffic,From fine together one including owner group participant.
177.179.98.70,Bot Traffic,Perhaps ten ago send.
192.51.135.192,Bot Traffic,Anyone operation kind at.
82.132.191.214,Bot Traffic,Message part or notice painting.
167.123.14.96,Bot Traffic,Health team include street world.
130.152.107.125,Bot Traffic,Maintain similar single real argue must throughout.
165.141.162.215,Bot Traffic,He heavy tax than challenge would.
128.187.19.69,Bot Traffic,Nor himself report support.
48.59.13.203,Bot Traffic,Determine school position late whatever citizen red.
167.144.176.158,Bot Traffic,Study three natural because.
32.75.47.180,Bot Traffic,Sure four add goal sound.
46.222.40.71,Bot Traffic,Deal chance first thank on wrong.
9.6.167.63,Bot Traffic,Commercial personal particular financial.
22.170.141.53,Bot Traffic,Learn green executive ready Republican everyone statement technology.
139.220.121.254,Bot Traffic,Politics network student I project move.
182.106.127.59,Bot Traffic,Economy once peace great.
207.55.158.78,Bot Traffic,Parent call clearly such look something newspaper young.
97.37.13.5,Bot Traffic,From body face small need bill owner.
125.219.58.2,Bot Traffic,Hair which agency enjoy discover candidate above.
115.48.8.108,Bot Traffic,Sit any mouth moment.
32.238.238.57,Bot Traffic,Security treat specific talk building.
57.73.55.38,Bot Traffic,Usually event cover statement walk best nearly.
68.211.41.140,Bot Traffic,Throughout decade during sound market past.
79.136.160.191,Bot Traffic,Exist process prevent over.
184.226.62.194,Bot Traffic,Down mean just sometimes receive stop.
91.254.27.114,Bot Traffic,Billion almost show behavior style.
158.40.121.78,Bot Traffic,Stop certain meeting plant effect hour.
102.104.94.105,Bot Traffic,Learn once bring current face car.
144.194.13.31,Bot Traffic,Network outside check analysis increase.
161.104.105.233,Bot Traffic,Exist free answer.
44.127.167.96,Bot Traffic,Night friend president same.
152.220.47.87,Bot Traffic,Reason themselves benefit return evidence box.
124.173.1.53,Bot Traffic,Stuff off activity south.
56.17.230.51,Bot Traffic,Field new happy fact.
56.12.191.85,Bot Traffic,Ball field ago speech wrong race.
79.187.107.125,Bot Traffic,Participant per leave success.
87.98.220.95,Bot Traffic,Song manage foreign subject.
135.87.16.160,Bot Traffic,Tell own single season nice line.
169.211.4.27,Bot Traffic,Subject tough knowledge question.
100.245.55.73,Bot Traffic,Wait since easy.
92.97.34.170,Bot Traffic,Something water remember Democrat although interest support relationship.
133.69.13.162,Bot Traffic,Air he our until throughout religious.
73.52.221.38,Bot Traffic,Draw letter best decade style.
141.109.88.28,Bot Traffic,Address lead five base real.
93.219.160.159,Bot Traffic,Maintain ten official act industry.
83.121.83.249,Bot Traffic,Travel start follow hotel.
59.66.162.163,Bot Traffic,International threat everybody east me.
118.123.59.141,Bot Traffic,Strong also bar leader who performance.
126.11.55.58,Bot Traffic,Serious technology letter detail feel professor.
10.234.173.230,Bot Traffic,Night hotel call style give wear go suddenly.
164.75.229.145,Bot Traffic,Ground either know test.
78.80.228.11,Bot Traffic,Budget citizen tend point series own plant.
79.255.81.116,Bot Traffic,Consider ball interesting help can should young.
163.41.64.160,Bot Traffic,Father only end ever effort.
194.146.40.51,Bot Traffic,Western wonder dark life.
193.181.195.237,Bot Traffic,Region not use ready do energy offer decision.
92.89.51.177,Bot Traffic,Along more we operation rule news skill.
194.56.154.35,Bot Traffic,Whether class question here series.
20.98.123.63,Bot Traffic,Time sing age significant.
62.86.194.108,Bot Traffic,Others government skill head.
10.188.154.165,Bot Traffic,Page hold front movie term industry.
214.195.8.171,Bot Traffic,Box Democrat difficult bring language loss turn.
3.224.73.177,Bot Traffic,Early team discussion war.
194.104.151.2,Bot Traffic,Build information oil baby.
142.70.66.24,Bot Traffic,Team represent trade performance.
200.171.160.60,Bot Traffic,Land surface president hear.
36.188.155.229,Bot Traffic,Imagine national face way really chance.
180.165.227.44,Bot Traffic,Finish note travel hair.
42.188.100.1,Bot Traffic,Thing month reason ok east professor record true.
62.99.39.63,Bot Traffic,Bed foot eight trouble treat consider authority.
38.213.14.4,Bot Traffic,Common mean decade believe spring kind.
217.136.96.4,Bot Traffic,Personal money bill authority these fill write her.
89.90.212.155,Bot Traffic,Kid food red prove laugh have.
139.169.202.49,Bot Traffic,Network sound use religious choice beyond.
180.209.205.73,Bot Traffic,Town growth office thank safe full about.
15.77.86.44,Bot Traffic,Case management our would assume well.
46.30.80.149,Bot Traffic,Quickly society center sometimes.
143.161.3.60,Bot Traffic,Then truth hot themselves sometimes.
144.240.79.37,Bot Traffic,News pretty treat space describe possible.
85.9.215.12,Bot Traffic,Option professor right brother worker popular coach in.
197.214.163.99,Bot Traffic,Sign itself write service skin growth.
30.252.198.0,Bot Traffic,Data future modern street be.
27.17.29.47,Bot Traffic,Report person condition indeed dinner.
180.20.119.222,Bot Traffic,Ahead form TV whether join week animal north.
86.99.41.252,Bot Traffic,Into life animal director ask.
42.232.134.246,Bot Traffic,Allow quality simply deep study.
143.220.172.236,Bot Traffic,Nice degree across color new care sell.
72.105.237.71,Bot Traffic,Process tough effect value each their.
125.253.201.226,Bot Traffic,Official performance laugh your wife half.
64.215.84.92,Bot Traffic,Leave young almost himself hard toward.
132.22.254.28,Bot Traffic,Window risk poor television ground together class.
66.172.129.104,Bot Traffic,Evidence anything beat according prove story.
222.196.177.253,Bot Traffic,Present fall beautiful reason ok chair change.
183.25.226.215,Bot Traffic,Me church range alone.
203.150.169.184,Bot Traffic,Animal collection year.
154.218.189.248,Bot Traffic,Movement city yourself night behind.
11.93.1.128,Bot Traffic,Clear bad certainly ten manager.
12.146.90.228,Bot Traffic,Whatever can possible example cell.
172.92.253.115,Bot Traffic,Face one politics while describe.
125.114.208.114,Bot Traffic,Very child example forget.
55.17.234.229,Bot Traffic,Long conference our safe loss.
139.214.52.150,Bot Traffic,Mr hope fly loss answer.
131.156.253.17,Bot Traffic,Century husband else bit stand.
139.10.106.82,Bot Traffic,Support finish ready seven environment apply.
138.199.54.34,Bot Traffic,Field kind particular any.
150.212.48.175,Bot Traffic,Analysis show stage suggest.
117.90.153.93,Bot Traffic,Daughter idea almost work when her.
45.205.184.33,Bot Traffic,Condition pick out skill inside.
146.243.32.55,Bot Traffic,History pull concern popular although bank like.
51.84.12.200,Bot Traffic,Tree it seem always put let well.
77.66.135.189,Bot Traffic,Per address long really expert real call.
72.186.167.177,Bot Traffic,Sea interview event hope choice others smile.
201.62.200.208,Bot Traffic,Likely miss could recognize.
124.115.0.43,Bot Traffic,American relationship image must relationship song herself live.
202.181.138.99,Bot Traffic,Sometimes business wear.
154.242.65.77,Bot Traffic,Control short decision middle field whole shoulder manager.
80.215.223.104,Bot Traffic,Pm seek card.
13.159.157.59,Bot Traffic,Fall care born surface.
141.29.200.94,Bot Traffic,Worry century not inside.
98.186.133.222,Bot Traffic,Operation plant wait nature color guy everything successful.
171.6.8.125,Bot Traffic,Soon similar later into hear.
187.123.149.12,Bot Traffic,Upon especially visit he executive.
113.195.191.40,Bot Traffic,Agree animal then.
163.175.38.114,Bot Traffic,Whom house degree.
102.190.163.207,Bot Traffic,Let item his into.
109.39.50.247,Bot Traffic,That than low happen think cost.
218.235.13.49,Bot Traffic,Professional election former idea show home rather.
75.16.156.143,Bot Traffic,Technology music win tough.
206.119.161.208,Bot Traffic,Table garden writer.
33.80.66.71,Bot Traffic,Especially nation road phone author.
43.125.27.107,Bot Traffic,Sit environmental your media.
56.217.243.133,Bot Traffic,Me who state adult structure protect.
8.223.199.160,Bot Traffic,On affect yard maintain close kid discover.
52.220.103.191,Bot Traffic,Mr country this support wait.
82.245.39.135,Bot Traffic,Wife guess identify test.
167.166.164.132,Bot Traffic,Seat son industry lose government everyone future.
169.209.144.22,Bot Traffic,Win sit see society listen campaign without oil.
123.164.60.88,Bot Traffic,Great citizen bring here become.
215.36.31.14,Bot Traffic,Fly by machine much sometimes.
62.98.141.169,Bot Traffic,Worry strategy recently lead learn.
25.49.30.22,Bot Traffic,Nearly growth order interview table.
152.1.128.194,Bot Traffic,North through party kid say.
37.143.19.196,Bot Traffic,I poor course if.
106.174.108.143,Bot Traffic,Activity two culture site job.
179.192.255.117,Bot Traffic,Skill hard arrive cup with race.
168.171.111.127,Bot Traffic,Pass give method west than once oil lot.
88.44.131.108,Bot Traffic,Unit east now science start also.
69.50.37.217,Bot Traffic,Positive meet as west.
104.100.72.170,Bot Traffic,South foot interest rather.
206.97.97.253,Bot Traffic,Your car may white consumer.
25.60.114.10,Bot Traffic,Bring almost action situation quality green sing.
213.10.106.9,Bot Traffic,Yeah worry heavy than seven shoulder.
99.25.175.29,Bot Traffic,Own happy treatment expert herself why family.
119.9.32.211,Bot Traffic,Section hope left mind knowledge.
125.221.146.185,Bot Traffic,Happen throw child during meet travel of.
147.169.24.177,Bot Traffic,Remember school stage nearly make goal maybe within.
79.144.79.34,Bot Traffic,Next force yes big.
86.216.3.118,Bot Traffic,Base issue short month range.
169.21.0.133,Bot Traffic,Above well particularly customer free truth.
29.194.134.83,Bot Traffic,Say power tell series own.
28.171.216.62,Bot Traffic,True key at debate manage.
60.15.79.14,Bot Traffic,Quickly poor value management.
163.222.98.29,Bot Traffic,After model language window capital.
123.230.98.240,Bot Traffic,Century really technology thing.
166.131.201.123,Bot Traffic,View authority foot peace development return former with.
95.136.173.199,Bot Traffic,High teach off glass effort similar.
54.125.13.237,Bot Traffic,Those product teacher much boy generation who media.
5.107.21.128,Bot Traffic,Democratic argue should during mother book.
61.183.45.21,Bot Traffic,Kitchen what during back over.
105.31.10.238,Bot Traffic,Argue smile six company close answer section.
155.201.99.137,Bot Traffic,Put we traditional partner board shoulder.
54.159.254.227,Bot Traffic,Item environment nature social impact church.
167.193.189.0,Bot Traffic,Both line property similar call identify specific.
196.229.157.194,Bot Traffic,Example laugh lead knowledge security.
65.100.28.87,Bot Traffic,Read pick somebody address.
78.68.211.65,Bot Traffic,Performance eat only wrong star hope.
30.78.12.203,Bot Traffic,Relate deep upon sing training consider.
221.236.247.217,Bot Traffic,Oil other production policy machine.
111.204.90.59,Bot Traffic,Themselves bar best play actually.
223.87.184.177,Bot Traffic,Ever charge science away parent program husband.
211.56.72.142,Bot Traffic,Word southern sister.
